Case,Solver,Run_Time_s,Convergence_Normalized,Max_Iterations,Generated_Cost
S1,TSGA,0.2356,0.64,150,4115
S1,CMIP,4.5508,0.3667,150,8593
S2,TSGA,0.28,0.6133,150,3219
S2,CMIP,2.7982,0.0867,150,5369
S3,TSGA,0.3127,0.58,150,1719
S3,CMIP,2.676,0.2533,150,3478
M1,TSGA,1.8287,0.0,250,21417
M1,CMIP,14.1592,0.1,150,128468
M2,TSGA,1.741,0.0,250,1969
M2,CMIP,14.4837,0.0,150,17383
M3,TSGA,1.8608,0.0,250,25603
M3,CMIP,14.4119,0.26,150,41051
L1,TSGA,34.7051,0.0,400,29924
L1,CMIP,125.4167,0.0267,150,417524
L2,TSGA,34.2997,0.0,400,43170
L2,CMIP,126.608,0.1867,150,1262586
L3,TSGA,33.8693,0.0,400,144162
L3,CMIP,124.9184,0.0,150,234924
