Case,Solver,Fitness_History
S1,TSGA,"7578,6672,6672,6672,6496,6496,6496,6496,6496,6496,6222,6222,6222,6222,6222,6021,6021,6021,6021,5686,5406,5406,5268,5268,5268,5108,5108,4494,4494,4494,4494,4384,4384,4384,4384,4297,4297,4297,4297,4297,4297,4297,4184,4184,4184,4184,4184,4184,4184,4184,4184,4184,4184,4184,4184,4184,4184,4184,4184,4184,4184,4184,4184,4184,4184,4184,4184,4184,4184,4184,4184,4184,4184,4184,4184,4184,4184,4184,4184,4184,4184,4184,4184,4184,4184,4184,4184,4184,4184,4101,4101,4064,4064,4064,4064,4064,4064,4064,4064,4064,3867,3867,3867,3867,3867,3867,3867,3867,3867,3867,3867,3867,3867,3867,3867,3867,3867,3867,3839,3839,3839,3839,3839,3839,3705,3705,3705,3705,3705,3705,3705,3705,3700,3700,3700,3700,3700,3700,3700,3700,3700,3700,3700,3700,3700,3700,3700,3700,3635,3635,3635"
S1,CMIP,"8691,9542,10636,10316,8759,10646,8779,10302,10459,9786,10339,8761,9183,8687,7442,9142,8483,10126,10191,8799,8958,10002,9099,10427,9315,10428,8886,8094,8323,10094,7971,8477,8725,9425,8275,9350,10046,8597,9008,9354,10315,10156,8283,8848,8182,9789,7779,10295,9476,8216,9822,8253,8845,9543,8352,7293,8724,9159,9684,9621,10442,9499,9500,9479,8627,9385,8649,9833,8130,8254,9221,10396,9262,8906,7950,10000,9494,10426,9562,9305,9657,9431,8745,9553,9920,8658,9377,10500,9473,9217,9342,9411,9282,9538,10124,10216,10376,9061,10261,8096,9684,8473,8203,9339,9860,8746,10335,10852,8508,9169,10158,8923,10980,10449,9600,8526,8906,9496,9271,8974,10551,8951,10357,10037,8803,10509,8805,9246,9359,11185,10347,7443,9872,9334,9252,9082,7798,9539,9517,9224,10475,8498,7867,8318,9550,10341,9790,10996,7814,9794"
S2,TSGA,"8889,8889,8763,7138,6245,5699,5457,5333,5226,5226,5226,5226,5226,4794,4794,4710,4558,4558,4558,4558,4558,4421,4404,3750,3607,3607,3607,3607,3607,3607,3607,3607,3607,3607,3607,3607,3607,3607,3607,3607,3607,3607,3607,3607,3607,3607,3586,3586,3586,3586,3586,3586,3586,3585,3567,3566,3548,3506,3506,3487,3487,3487,3487,3487,3469,3469,3469,3436,3436,3436,3433,3433,3433,3433,3433,3433,3418,3418,3418,3418,3418,3415,3415,3415,3415,3415,3415,3415,3415,3415,3415,3415,3385,3385,3385,3385,3385,3385,3385,3364,3364,3364,3364,3364,3364,3364,3364,3348,3348,3348,3348,3348,3348,3348,3348,3348,3348,3348,3348,3348,3348,3348,3348,3348,3348,3348,3348,3348,3347,3347,3347,3347,3347,3347,3347,3347,3347,3347,3347,3347,3347,3347,3347,3347,3347,3347,3347,3347,3347,3347,3347"
S2,CMIP,"5678,5394,7861,10852,8966,7917,10564,13798,14102,8024,14910,8667,10624,4472,6381,5682,5923,9707,8576,15758,14340,15843,14326,14139,14203,14414,11290,6387,14249,14998,8708,15550,13771,10349,13718,12409,15088,7816,10293,11248,12990,11174,14190,14473,11457,12793,15130,14237,14328,13684,14505,13476,14243,12519,14297,14359,12971,12681,12589,15064,13562,12882,13480,12682,13952,14221,13513,13934,11061,13575,13760,11831,14555,14928,11577,14337,14960,12058,14127,14558,13917,12149,14047,13721,11323,13585,13790,13693,13568,12733,13967,9662,15519,14326,14423,13668,14032,13684,13321,9885,12754,15784,13876,14947,13665,13074,14455,13301,12663,12137,11954,14144,12625,12002,14454,12009,12454,14000,14433,14283,11779,11451,12507,13374,10662,13724,13581,13662,14402,12206,13566,13040,13067,13875,14329,13615,12819,13738,11913,15072,12515,14254,13361,11155,14195,13605,13296,15359,15119,12107"
S3,TSGA,"2998,2998,2959,2912,2812,2812,2712,2642,2439,2439,2439,2439,2439,2316,2316,2316,2316,2316,2316,2316,2316,2316,2272,2253,2253,2190,2190,2190,2190,2190,2190,2190,2177,1976,1976,1976,1976,1934,1934,1828,1825,1825,1825,1774,1774,1774,1768,1754,1754,1754,1754,1754,1754,1754,1754,1754,1754,1754,1754,1754,1754,1754,1754,1754,1754,1753,1753,1753,1753,1753,1651,1650,1650,1650,1650,1650,1650,1650,1650,1650,1650,1650,1650,1650,1650,1650,1650,1650,1650,1650,1650,1650,1650,1650,1650,1650,1650,1650,1650,1650,1650,1650,1650,1650,1650,1650,1650,1650,1650,1650,1650,1650,1650,1650,1650,1650,1650,1650,1650,1650,1650,1650,1650,1650,1650,1650,1650,1650,1650,1650,1650,1650,1650,1650,1650,1650,1650,1650,1650,1650,1650,1650,1650,1650,1650,1650,1650,1650,1650,1650,1650"
S3,CMIP,"3788,3481,4243,4040,3987,3916,4161,3626,3634,3634,3995,4084,3949,3679,3720,3160,4161,3853,3951,3675,3742,4116,3883,4216,3941,3702,3925,3790,3277,3945,3444,3373,3387,4162,3919,3616,3621,3793,2955,3887,3586,3595,4118,3815,3890,3913,3876,4110,3990,3563,3513,3961,3266,4396,4244,3634,3739,3349,3668,3038,3548,3990,3879,4072,4310,4216,3871,4207,4101,3780,3800,3688,4277,3466,3826,3731,3683,4172,3973,4145,3613,4431,2994,3742,4076,4035,3485,3869,3626,3417,3889,3678,3993,3923,3630,3876,3366,3892,3784,3927,4194,4058,4133,3405,3881,3622,3331,3510,3962,3769,3937,3860,3715,3791,3693,3488,3978,3641,4037,3822,3694,3301,3460,3612,3509,3591,4020,3284,3649,4174,3469,3332,3901,3849,4203,3597,3675,4267,4063,3570,3605,3500,3628,4634,3619,4415,4184,3705,3585,4088"
M1,TSGA,"21417,21417,21417,21417,21417,21417,21417,21417,21417,21417,21417,21417,21417,21417,21417,21417,21417,21417,21417,21417,21417,21417,21417,21417,21417,21417,21417,21417,21417,21417,21417,21417,21417,21417,21417,21417,21417,21417,21417,21417,21417,21417,21417,21417,21417,21417,21417,21417,21417,21417,21417,21417,21417,21417,21417,21417,21417,21417,21417,21417,21417,21417,21417,21417,21417,21417,21417,21417,21417,21417,21417,21417,21417,21417,21417,21417,21417,21417,21417,21417,21417,21417,21417,21417,21417,21417,21417,21417,21417,21417,21417,21417,21417,21417,21417,21417,21417,21417,21417,21417,21417,21417,21417,21417,21417,21417,21417,21417,21417,21417,21417,21417,21417,21417,21417,21417,21417,21417,21417,21417,21417,21417,21417,21417,21417,21417,21417,21417,21417,21417,21417,21417,21417,21417,21417,21417,21417,21417,21417,21417,21417,21417,21417,21417,21417,21417,21417,21417,21417,21417,21417,21417,21417,21417,21417,21417,21417,21417,21417,21417,21417,21417,21417,21417,21417,21417,21417,21417,21417,21417,21417,21417,21386,21386,21386,21386,21386,21386,21386,21386,21386,21386,21386,21386,21386,21386,21386,21386,21355,21355,21355,21355,21355,21355,21355,21355,21355,21355,21355,21355,21355,21355,21355,21355,21355,21355,21355,21355,21355,21355,21355,21355,21355,21355,21355,21355,21355,21355,21355,21355,21355,21355,21355,21355,21355,21355,21355,21355,21355,21355,21355,21355,21355,21355,21355,21355,21355,21355,21355,21355,21355,21355,21355,21355,21355,21355,21355,21355,21355,21355,21355"
M1,CMIP,"122918,117294,126054,115809,129787,130177,133058,131284,137273,132049,135451,121058,128589,127812,126202,114938,117466,124556,128588,136598,129800,140916,126487,129268,134578,122458,139159,125465,130052,128386,124260,138018,129152,134785,133024,138124,126294,127521,131963,131459,127296,130280,127559,127124,134863,122825,134652,127707,135285,118421,127410,131518,126747,123764,125352,129470,129182,132655,119469,130438,131539,127211,115453,130678,130436,135979,125315,129848,140383,129023,120836,119825,138043,122302,137633,137188,128436,128643,135494,134245,126408,132423,125279,123308,124818,128969,130702,129542,126006,129141,123676,128731,120968,137358,129438,130549,135546,134079,125218,119615,132156,130062,117390,130487,133787,131719,128202,129165,124551,132701,138496,131134,131669,122123,134111,130070,131394,126804,132792,130095,127244,124542,130903,136736,122240,132564,133098,136785,128423,129315,129536,124610,131900,121339,128182,127575,121021,125510,126997,124888,121056,123845,131296,124999,132365,123549,129405,118569,136373,127628"
M2,TSGA,"1969,1969,1969,1969,1969,1969,1969,1969,1969,1969,1969,1969,1969,1969,1969,1969,1969,1969,1969,1969,1969,1969,1969,1969,1969,1969,1969,1969,1969,1969,1969,1969,1969,1969,1969,1969,1969,1969,1969,1969,1969,1969,1969,1969,1969,1969,1969,1969,1969,1969,1969,1969,1969,1969,1969,1969,1969,1969,1969,1969,1969,1969,1969,1969,1969,1969,1969,1969,1969,1969,1969,1969,1969,1969,1969,1969,1969,1969,1969,1969,1969,1969,1969,1969,1969,1969,1969,1969,1969,1969,1969,1969,1969,1969,1969,1969,1969,1969,1969,1969,1969,1969,1969,1969,1969,1969,1969,1969,1969,1969,1969,1969,1969,1969,1969,1969,1969,1969,1969,1969,1969,1969,1969,1969,1969,1969,1969,1969,1969,1969,1969,1969,1969,1969,1969,1969,1969,1969,1969,1969,1969,1969,1969,1969,1969,1969,1969,1969,1969,1969,1969,1969,1969,1969,1969,1969,1969,1969,1969,1969,1969,1969,1969,1969,1969,1969,1969,1969,1969,1969,1969,1969,1969,1969,1969,1969,1969,1969,1969,1969,1969,1969,1969,1969,1969,1969,1969,1969,1969,1969,1969,1969,1969,1969,1969,1969,1969,1969,1969,1969,1969,1969,1969,1969,1969,1969,1969,1969,1969,1969,1969,1969,1969,1969,1969,1969,1969,1969,1969,1969,1969,1969,1969,1969,1969,1969,1969,1969,1969,1969,1969,1969,1969,1969,1969,1969,1969,1969,1969,1969,1969,1969,1969,1969,1969,1969,1969,1969,1969,1969,1969"
M2,CMIP,"14681,17635,17324,17085,17397,19080,17684,17124,16048,19385,18564,15669,17068,16902,17894,19860,16995,18083,16586,16732,17446,18527,16554,18878,17421,17822,17893,18085,17637,17543,16680,16178,15476,17983,18914,18448,19041,17173,18571,16589,16507,17406,18214,17829,15429,16943,17948,17391,17400,17669,17541,17679,17272,16891,16838,16852,16474,17731,16401,16741,16717,17486,18641,16516,16897,16961,16727,17257,17224,18294,17116,17902,17877,16498,17958,17455,17426,17798,16516,16592,16520,18303,18299,18200,16437,18366,16422,17625,17767,18476,18486,17408,18363,15826,18265,17752,17834,17095,16752,17943,17460,17444,16911,17539,17726,18317,17108,16433,16819,19104,17620,17605,17989,17935,18494,18572,17570,17294,18417,14956,18909,17124,18091,16508,17398,16317,17864,18569,16586,17590,16826,17537,15828,18195,16722,16621,16546,17838,17634,18086,18114,18320,18850,17808,16386,17501,15974,17401,16090,17165"
M3,TSGA,"25603,25603,25603,25603,25603,25603,25603,25603,25603,25603,25603,25603,25603,25603,25603,25603,25603,25603,25603,25603,25603,25603,25603,25603,25603,25603,25603,25603,25603,25603,25603,25603,25603,25603,25603,25603,25603,25603,25603,25603,25603,25603,25603,25603,25603,25603,25603,25603,25603,25603,25603,25603,25603,25603,25603,25603,25603,25603,25603,25603,25603,25603,25603,25603,25603,25603,25603,25603,25603,25603,25603,25603,25603,25603,25603,25603,25603,25603,25603,25603,25603,25603,25603,25603,25603,25603,25603,25603,25603,25603,25603,25603,25603,25603,25603,25603,25603,25603,25603,25603,25603,25603,25603,25603,25603,25603,25603,25603,25603,25603,25603,25603,25603,25603,25603,25603,25603,25603,25603,25603,25603,25603,25603,25603,25603,25603,25603,25603,25603,25603,25603,25603,25603,25603,25603,25603,25603,25603,25603,25603,25603,25603,25603,25603,25603,25603,25603,25603,25603,25603,25603,25603,25603,25603,25603,25603,25603,25603,25603,25603,25603,25603,25603,25603,25603,25603,25603,25603,25603,25603,25603,25603,25603,25603,25603,25603,25603,25603,25603,25603,25603,25603,25603,25603,25603,25603,25603,25603,25603,25603,25603,25603,25603,25603,25603,25603,25603,25603,25603,25603,25603,25603,25603,25603,25603,25603,25603,25603,25603,25603,25603,25603,25603,25603,25603,25603,25603,25603,25603,25603,25603,25603,25603,25603,25603,25603,25603,25603,25603,25603,25603,25603,25603,25603,25603,25603,25603,25603,25603,25603,25603,25603,25603,25603,25603,25603,25603,25603,25603,25603,25603"
M3,CMIP,"110014,119315,106568,113187,107494,119797,119246,114191,108399,120196,113238,121681,121278,115824,123357,115826,117436,116255,115678,115482,118961,117674,114394,119060,116336,112968,120679,108975,115154,110185,123328,117334,115123,121308,117313,118805,111316,120239,122425,100925,109617,118222,112053,119919,112127,122995,117364,116424,120431,116697,114041,112770,119932,121962,116163,118555,112775,121898,119414,110308,108517,116533,119241,112273,120962,115235,117162,116802,114812,113592,115839,118530,109541,118532,109264,111010,109445,118216,116106,119465,106734,120140,114419,116967,117830,114004,106737,115203,112846,122417,111878,110328,122493,116136,123888,118720,109099,131310,123870,115573,116427,115176,114940,108603,114107,114819,114119,114571,119321,114226,107139,114037,115371,113941,116274,110511,115722,114453,123924,112658,112669,107860,120507,106945,110762,115238,111597,111553,120707,115758,122684,114365,116777,114974,115442,117380,112477,116469,115413,123575,116735,109999,118806,114200,121572,118777,108475,115552,116804,114788"
L1,TSGA,"29924,29924,29924,29924,29924,29924,29924,29924,29924,29924,29924,29924,29924,29924,29924,29924,29924,29924,29924,29924,29924,29924,29924,29924,29924,29924,29924,29924,29924,29924,29924,29924,29924,29924,29924,29924,29924,29924,29924,29924,29924,29924,29924,29924,29924,29924,29924,29924,29924,29924,29924,29924,29924,29924,29924,29924,29924,29924,29924,29924,29924,29924,29924,29924,29924,29924,29924,29924,29924,29924,29924,29924,29924,29924,29924,29924,29924,29924,29924,29924,29924,29924,29924,29924,29924,29924,29924,29924,29924,29924,29924,29924,29924,29924,29924,29924,29924,29924,29924,29924,29924,29924,29924,29924,29924,29924,29924,29924,29924,29924,29924,29924,29924,29924,29924,29924,29924,29924,29924,29924,29924,29924,29924,29924,29924,29924,29924,29924,29924,29924,29924,29924,29924,29924,29924,29924,29924,29924,29924,29924,29924,29924,29924,29924,29924,29924,29924,29924,29924,29924,29924,29924,29924,29924,29924,29924,29924,29924,29924,29924,29924,29924,29924,29924,29924,29924,29924,29924,29924,29924,29924,29924,29924,29924,29924,29924,29924,29924,29924,29924,29924,29924,29924,29924,29924,29924,29924,29924,29924,29924,29924,29924,29924,29924,29924,29924,29924,29924,29924,29924,29924,29924,29924,29924,29924,29924,29924,29924,29924,29924,29924,29924,29924,29924,29924,29924,29924,29924,29924,29924,29924,29924,29924,29924,29924,29924,29924,29924,29924,29924,29924,29924,29924,29924,29924,29924,29924,29924,29924,29924,29924,29924,29924,29924,29924,29924,29924,29924,29924,29924,29924,29924,29924,29924,29924,29924,29924,29924,29924,29924,29924,29924,29924,29924,29924,29924,29924,29924,29924,29924,29924,29924,29924,29924,29924,29924,29924,29924,29924,29924,29924,29924,29924,29924,29924,29924,29924,29924,29924,29924,29924,29924,29924,29924,29924,29924,29924,29924,29924,29924,29924,29924,29924,29924,29924,29924,29924,29924,29924,29924,29924,29924,29924,29924,29924,29924,29924,29924,29924,29924,29924,29924,29924,29924,29924,29924,29924,29924,29924,29924,29924,29924,29924,29924,29924,29924,29924,29924,29924,29924,29924,29924,29924,29924,29924,29924,29924,29924,29924,29924,29924,29924,29924,29924,29924,29924,29924,29924,29924,29924,29924,29924,29924,29924,29924,29924,29924,29924,29924,29924,29924,29924,29924,29924,29924,29924,29924,29924,29924,29924,29924,29924,29924,29924,29924,29924,29924,29924,29924,29924,29924,29924,29924,29924,29924,29924,29924,29924,29924,29924,29924"
L1,CMIP,"403210,372371,410933,385519,370557,406355,408923,406839,415908,409078,416982,403675,394924,407204,398608,408799,415162,411041,414293,415885,402968,397901,404537,413202,421432,423892,412264,409813,409803,414813,404304,420858,408292,412075,407278,400006,402437,426050,414368,425600,415675,415915,427416,410896,403582,404732,421965,403655,408913,416788,417322,424886,411893,406921,408542,413682,405208,410043,427125,414746,410794,404551,405678,417220,415687,399188,400029,402322,412550,405340,410355,402640,392368,404001,411194,408666,401851,409482,403655,420601,406199,407965,409651,411426,416996,403604,418298,424529,407768,405063,410394,409622,407359,402910,411311,401464,410614,407326,411763,410743,407177,403844,406737,406514,412023,405898,417293,410087,418513,407122,411422,416036,416718,404009,400131,417378,410710,410922,405202,406069,412076,411344,410553,403793,408421,408165,411925,412099,417817,417708,404637,417594,405937,400479,409993,407952,404390,418070,408760,411503,410795,421472,413216,399799,397611,422697,405826,418015,402180,414269"
L2,TSGA,"43170,43170,43170,43170,43170,43170,43170,43170,43170,43170,43170,43170,43170,43170,43170,43170,43170,43170,43170,43170,43170,43170,43170,43170,43170,43170,43170,43170,43170,43170,43170,43170,43170,43170,43170,43170,43170,43170,43170,43170,43170,43170,43170,43170,43170,43170,43170,43170,43170,43170,43170,43170,43170,43170,43170,43170,43170,43170,43170,43170,43170,43170,43170,43170,43170,43170,43170,43170,43170,43170,43170,43170,43170,43170,43170,43170,43170,43170,43170,43170,43170,43170,43170,43170,43170,43170,43170,43170,43170,43170,43170,43170,43170,43170,43170,43170,43170,43170,43170,43170,43170,43170,43170,43170,43170,43170,43170,43170,43170,43170,43170,43170,43170,43170,43170,43170,43170,43170,43170,43170,43170,43170,43170,43170,43170,43170,43170,43170,43170,43170,43170,43170,43170,43170,43170,43170,43170,43170,43170,43170,43170,43170,43170,43170,43170,43170,43170,43170,43170,43170,43170,43170,43170,43170,43170,43170,43170,43170,43170,43170,43170,43170,43170,43170,43170,43170,43170,43170,43170,43170,43170,43170,43170,43170,43170,43170,43170,43170,43170,43170,43170,43170,43170,43170,43170,43170,43170,43170,43170,43170,43170,43170,43170,43170,43170,43170,43170,43170,43170,43170,43170,43170,43170,43170,43170,43170,43170,43170,43170,43170,43170,43170,43170,43170,43170,43170,43170,43170,43170,43170,43170,43170,43170,43170,43170,43170,43170,43170,43170,43170,43170,43170,43170,43170,43170,43170,43170,43170,43170,43170,43170,43170,43170,43170,43170,43170,43170,43170,43170,43170,43170,43170,43170,43170,43170,43170,43170,43170,43170,43170,43170,43170,43170,43170,43170,43170,43170,43170,43170,43170,43170,43170,43170,43170,43170,43170,43170,43170,43170,43170,43170,43170,43170,43170,43170,43170,43170,43170,43170,43170,43170,43170,43170,43170,43170,43170,43170,43170,43170,43170,43170,43170,43170,43170,43170,43170,43170,43170,43170,43170,43170,43170,43170,43170,43170,43170,43170,43170,43170,43170,43170,43170,43170,43170,43170,43170,43170,43170,43170,43170,43170,43170,43170,43170,43170,43170,43170,43170,43170,43170,43170,43170,43170,43170,43170,43170,43170,43170,43170,43170,43170,43170,43170,43170,43170,43170,43170,43170,43170,43170,43170,43170,43170,43170,43170,43170,43170,43170,43170,43170,43170,43170,43170,43170,43170,43170,43170,43170,43170,43170,43170,43170,43170,43170,43170,43170,43170,43170,43170,43170,43170,43170,43170,43170,43170,43170,43170,43170,43170,43170,43170"
L2,CMIP,"1230692,1186704,1288177,1241502,1252474,1221677,1219389,1296659,1290766,1271779,1296030,1222384,1290334,1242242,1268606,1279312,1256093,1270538,1228801,1290011,1236541,1309438,1293161,1246966,1261498,1257131,1276691,1277894,1154993,1280210,1252508,1337046,1232091,1214222,1237084,1274320,1250369,1280474,1235600,1204025,1302244,1292229,1270535,1244724,1268083,1224714,1284382,1300301,1286461,1252540,1287938,1264606,1213112,1317550,1251723,1271014,1264951,1291973,1200212,1224028,1276956,1267271,1255373,1256282,1245128,1247490,1259519,1237880,1244022,1301476,1254441,1292290,1237507,1265616,1232161,1281182,1246010,1251250,1242816,1275734,1235263,1270560,1245301,1273928,1268307,1206139,1237672,1242561,1268019,1271307,1251331,1240756,1260752,1283208,1263675,1241276,1260982,1259021,1291069,1288408,1233781,1245717,1291301,1250495,1286886,1297458,1246989,1275176,1309780,1250141,1247908,1277994,1241647,1244068,1290250,1282392,1301510,1295045,1245337,1267416,1238896,1259898,1292302,1325522,1257246,1268008,1250917,1243337,1264302,1231490,1275620,1249000,1255637,1270155,1324787,1214189,1246126,1309908,1240270,1283694,1267520,1273613,1250185,1269566,1235040,1288280,1250773,1281517,1255039,1246333"
L3,TSGA,"144162,144162,144162,144162,144162,144162,144162,144162,144162,144162,144162,144162,144162,144162,144162,144162,144162,144162,144162,144162,144162,144162,144162,144162,144162,144162,144162,144162,144162,144162,144162,144162,144162,144162,144162,144162,144162,144162,144162,144162,144162,144162,144162,144162,144162,144162,144162,144162,144162,144162,144162,144162,144162,144162,144162,144162,144162,144162,144162,144162,144162,144162,144162,144162,144162,144162,144162,144162,144162,144162,144162,144162,144162,144162,144162,144162,144162,144162,144162,144162,144162,144162,144162,144162,144162,144162,144162,144162,144162,144162,144162,144162,144162,144162,144162,144162,144162,144162,144162,144162,144162,144162,144162,144162,144162,144162,144162,144162,144162,144162,144162,144162,144162,144162,144162,144162,144162,144162,144162,144162,144162,144162,144162,144162,144162,144162,144162,144162,144162,144162,144162,144162,144162,144162,144162,144162,144162,144162,144162,144162,144162,144162,144162,144162,144162,144162,144162,144162,144162,144162,144162,144162,144162,144162,144162,144162,144162,144162,144162,144162,144162,144162,144162,144162,144162,144162,144162,144162,144162,144162,144162,144162,144162,144162,144162,144162,144162,144162,144162,144162,144162,144162,144162,144162,144162,144162,144162,144162,144162,144162,144162,144162,144162,144162,144162,144162,144162,144162,144162,144162,144162,144162,144162,144162,144162,144162,144162,144162,144162,144162,144162,144162,144162,144162,144162,144162,144162,144162,144162,144162,144162,144162,144162,144162,144162,144162,144162,144162,144162,144162,144162,144162,144162,144162,144162,144162,144162,144162,144162,144162,144162,144162,144162,144162,144162,144162,144162,144162,144162,144162,144162,144162,144162,144162,144162,144162,144162,144162,144162,144162,144162,144162,144162,144162,144162,144162,144162,144162,144162,144162,144162,144162,144162,144162,144162,144162,144162,144162,144162,144162,144162,144162,144162,144162,144162,144162,144162,144162,144162,144162,144162,144162,144162,144162,144162,144162,144162,144162,144162,144162,144162,144162,144162,144162,144162,144162,144162,144162,144162,144162,144162,144162,144162,144162,144162,144162,144162,144162,144162,144162,144162,144162,144162,144162,144162,144162,144162,144162,144162,144162,144162,144162,144162,144162,144162,144162,144162,144162,144162,144162,144162,144162,144162,144162,144162,144162,144162,144162,144162,144162,144162,144162,144162,144162,144162,144162,144162,144162,144162,144162,144162,144162,144162,144162,144162,144162,144162,144162,144162,144162,144162,144162,144162,144162,144162,144162,144162,144162,144162,144162,144162,144162,144162,144162,144162,144162,144162,144162,144162,144162,144162,144162,144162,144162,144162,144162,144162,144162,144162,144162,144162"
L3,CMIP,"1534638,1779879,1685696,1651920,1653681,1674121,1677593,1622500,1588473,1598392,1695228,1696704,1567870,1603349,1576592,1664696,1619431,1602281,1635173,1707277,1743169,1707591,1707986,1695226,1740304,1675853,1715558,1675618,1693152,1638781,1675010,1674059,1676979,1644596,1717217,1716397,1763705,1698560,1686023,1655363,1680053,1708917,1714886,1730008,1671466,1667286,1688588,1656426,1739451,1766724,1655950,1725275,1734493,1659950,1679608,1722701,1655887,1711072,1691589,1681471,1672915,1734944,1722252,1684518,1723039,1663921,1701348,1713939,1696030,1737811,1703096,1684927,1730008,1653766,1671415,1720667,1718433,1688966,1671250,1713021,1747543,1693951,1610750,1675830,1735101,1666679,1701242,1631102,1699385,1686732,1705991,1682271,1693854,1756691,1751415,1754718,1689853,1721309,1755498,1726779,1684683,1673665,1630782,1669874,1725994,1727490,1730344,1712454,1658039,1659210,1718167,1729991,1765149,1648907,1766833,1663080,1689829,1666511,1729962,1706658,1626468,1700626,1721327,1686454,1660393,1667515,1730932,1727795,1702341,1656514,1704467,1681117,1742371,1666753,1705026,1665767,1665493,1747204,1673642,1743270,1626142,1690975,1687199,1702324,1710660,1658769,1689842,1714129,1717933,1608625"
