0,318,589,482,717,527,744,172,213,507,191,661,204,138,454,242,305,323,203,414
318,0,663,533,526,250,591,357,348,294,419,476,199,291,181,521,165,151,314,498
589,663,0,130,532,637,469,417,798,956,774,499,728,716,841,463,500,786,402,178
482,533,130,0,456,517,415,313,686,827,672,415,605,602,711,401,371,658,285,74
717,526,532,456,0,307,102,612,847,761,888,56,708,771,628,776,423,674,547,499
527,250,637,517,307,0,394,492,597,454,661,269,448,534,321,673,235,385,428,516
744,591,469,415,102,394,0,620,894,843,924,125,761,814,710,771,467,741,559,469
172,357,417,313,612,492,620,0,382,613,359,557,334,302,529,181,258,427,67,243
213,348,798,686,847,597,894,382,0,392,103,793,149,85,398,433,427,255,401,622
507,294,956,827,761,454,843,613,392,0,495,720,304,399,133,746,459,188,586,788
191,419,774,672,888,661,924,359,103,495,0,833,229,128,494,366,466,349,394,602
661,476,499,415,56,269,125,557,793,720,833,0,655,716,587,723,368,625,492,453
204,199,728,605,708,448,761,334,149,304,229,655,0,106,271,445,296,128,328,550
138,291,716,602,771,534,814,302,85,399,128,716,106,0,377,373,349,233,317,538
454,181,841,711,628,321,710,529,398,133,494,587,271,377,0,681,341,145,492,679
242,521,463,401,776,673,771,181,433,746,366,723,445,373,681,0,439,560,247,327
305,165,500,371,423,235,467,258,427,459,466,368,296,349,341,439,0,304,197,341
323,151,786,658,674,385,741,427,255,188,349,625,128,233,145,560,304,0,403,613
203,314,402,285,547,428,559,67,401,586,394,492,328,317,492,247,197,403,0,224
414,498,178,74,499,516,469,243,622,788,602,453,550,538,679,327,341,613,224,0
