0,220,93,52,196,101,205,161,27,61,84,47,194,94,192,214,230,152,189,208,62,57,246,157,204,63,198,136,196,80,183,208,100,193,230,69,91,57,214,159,81,210,145,40,171,196,58,153,252,121,217,67,35,55,120,214,169,200,104,195,147,172,67,130,189,96,100,197,170,217,228,117,236,180,233,71,50,232,59,81,207,63,200,201,153,189,247,202,70,67,41,77,113,36,201,164,232,207,46,173
220,0,150,267,303,143,305,79,245,280,254,261,294,262,33,17,40,180,209,229,281,264,30,126,311,269,25,126,237,292,38,294,151,32,11,289,309,277,37,178,297,310,239,243,223,276,278,169,42,152,253,256,254,226,106,310,275,292,127,28,132,247,262,151,200,153,140,237,236,308,9,121,21,222,15,291,243,23,279,277,297,278,218,27,204,246,30,316,235,261,262,260,136,240,29,175,310,18,261,210
93,150,0,145,260,9,268,77,109,152,104,139,255,112,118,149,148,172,215,237,153,149,179,65,269,124,134,44,232,172,114,265,9,119,161,156,182,141,157,176,174,273,198,100,208,250,147,167,189,33,254,107,127,77,46,276,231,259,24,131,55,220,114,42,210,6,10,233,214,277,159,30,170,214,165,156,96,155,149,170,265,156,226,126,186,232,180,270,85,155,127,111,20,98,140,179,288,134,139,203
52,267,145,0,172,153,183,212,44,17,111,6,173,119,240,258,279,165,195,210,18,13,290,209,179,70,243,188,194,28,230,190,152,241,275,33,43,37,256,172,30,187,136,66,171,182,25,169,295,172,212,89,19,94,170,191,150,180,155,240,199,163,85,181,197,148,152,195,166,196,274,169,281,181,278,40,78,280,21,37,187,11,204,249,158,184,291,175,105,32,33,98,165,64,245,179,214,255,6,177
196,303,260,172,0,266,12,291,208,185,277,172,11,286,292,287,334,124,108,101,185,158,312,317,9,241,278,295,82,166,279,27,270,293,305,200,187,208,273,127,174,15,66,230,83,36,195,134,310,293,83,256,185,251,254,19,30,19,254,276,309,57,254,302,116,266,262,83,69,25,306,269,306,88,306,207,242,324,191,137,22,172,105,300,99,66,314,14,265,140,203,266,274,226,274,131,45,301,174,97
101,143,9,153,266,0,273,69,118,161,111,148,261,119,111,143,140,175,218,240,162,157,173,56,275,132,128,35,236,181,107,271,8,112,154,165,191,150,152,179,182,278,203,109,212,254,156,170,183,27,257,115,136,85,42,281,237,264,21,125,46,224,122,36,213,9,5,236,218,282,152,22,163,218,158,165,105,148,158,179,271,164,229,118,190,236,173,276,92,163,136,118,12,106,135,182,293,127,147,207
205,305,268,183,12,273,0,296,218,196,287,183,12,296,295,289,337,126,105,96,196,169,314,323,11,252,281,302,78,178,282,18,277,296,307,211,198,219,274,128,186,5,71,240,83,32,207,136,310,300,77,267,196,260,260,8,37,13,261,279,316,58,264,310,114,274,269,79,69,13,308,275,307,87,308,219,253,327,202,148,13,183,102,303,101,64,315,19,275,151,214,277,282,237,276,132,33,304,185,97
161,79,77,212,291,69,296,0,182,222,180,206,284,187,46,83,71,179,218,241,223,213,108,51,300,200,70,48,242,239,48,289,75,47,90,229,252,215,97,180,242,301,225,176,222,272,219,171,120,73,262,184,196,154,43,303,261,285,58,68,54,241,191,73,211,78,67,242,232,302,87,47,99,224,94,230,173,79,220,231,290,223,229,52,200,247,109,303,161,215,200,187,59,173,78,180,309,61,206,213
27,245,109,44,208,118,218,182,0,45,69,41,208,78,216,239,252,176,212,230,46,55,271,172,215,38,223,152,217,69,207,223,115,216,254,47,74,33,240,183,68,223,163,22,192,213,38,178,278,133,237,48,25,50,142,227,184,214,124,220,161,190,46,142,212,111,117,218,190,231,253,136,261,202,257,48,35,255,41,80,221,53,222,224,176,209,272,213,61,70,18,58,129,20,226,189,247,231,39,195
61,280,152,17,185,161,196,222,45,0,105,22,187,112,252,272,290,182,212,227,1,29,304,216,191,62,257,195,211,25,243,204,158,253,288,16,30,25,270,189,23,200,152,64,188,197,11,186,309,178,229,83,26,93,181,204,165,195,164,253,205,179,77,187,214,155,160,212,182,209,287,178,294,198,291,23,75,292,6,49,201,13,221,261,175,200,305,187,103,47,28,91,172,63,259,196,228,267,21,194
84,254,104,111,277,111,287,180,69,105,0,109,276,10,222,253,250,231,271,291,106,123,283,151,284,45,237,137,279,130,217,291,104,223,265,98,125,82,259,238,126,291,228,47,254,279,94,231,293,112,300,22,93,34,149,295,251,282,127,234,140,255,28,117,270,102,114,280,254,299,263,133,274,263,269,93,34,259,99,148,289,116,282,230,236,273,284,282,20,139,78,15,120,50,243,243,315,238,107,255
47,261,139,6,172,148,183,206,41,22,109,0,173,117,234,252,273,160,191,207,22,14,284,204,179,70,237,183,191,33,224,189,146,235,269,37,49,38,250,168,36,186,134,63,168,180,28,164,289,167,210,87,16,90,164,191,149,180,149,234,193,161,83,176,193,142,146,192,163,195,268,163,275,178,272,43,76,274,25,40,187,17,200,243,155,181,285,175,102,32,32,97,159,61,239,175,213,249,2,173
194,294,255,173,11,261,12,284,208,187,276,173,0,285,283,278,325,114,97,90,187,160,303,311,18,242,269,289,71,169,270,19,265,284,296,202,190,210,263,117,177,17,59,229,73,25,197,124,300,288,72,256,186,249,248,20,25,9,248,267,303,47,254,297,106,261,257,72,59,23,297,263,296,78,297,210,242,315,193,139,15,174,94,291,89,55,304,25,264,141,204,266,269,226,265,121,41,292,175,87
94,262,112,119,286,119,296,187,78,112,10,117,285,0,230,261,257,242,281,301,113,131,291,156,293,51,246,143,290,137,225,301,112,231,273,104,131,88,268,248,132,300,238,56,265,289,101,241,301,117,310,30,102,44,158,305,261,292,135,242,146,265,34,122,280,109,122,291,264,308,271,141,282,273,276,98,44,266,106,156,299,124,292,237,246,283,291,291,30,148,86,20,127,60,251,254,325,245,115,265
192,33,118,240,292,111,295,46,216,252,222,234,283,230,0,38,43,171,206,227,253,239,62,96,301,238,27,94,232,266,13,286,118,1,44,261,282,248,54,171,270,300,227,213,216,268,250,162,74,119,250,224,226,194,75,301,263,283,96,26,100,238,231,119,198,120,108,232,228,300,41,89,53,216,47,263,212,40,251,253,288,251,216,9,195,240,62,305,203,237,233,229,103,210,36,169,304,16,234,204
214,17,149,258,287,143,289,83,239,272,253,252,278,261,38,0,57,164,192,212,273,255,32,133,295,265,16,130,220,283,36,278,151,37,18,282,301,271,20,161,288,294,224,239,207,260,271,153,40,155,236,253,247,223,104,294,260,276,126,19,137,231,259,155,183,153,140,220,220,292,19,122,23,205,20,285,239,40,271,266,280,269,201,36,188,230,33,301,233,251,255,258,137,235,14,158,293,29,253,194
230,40,148,279,334,140,337,71,252,290,250,273,325,257,43,57,0,213,245,266,291,279,59,108,343,271,59,114,272,306,56,327,146,42,47,298,320,285,77,212,309,342,269,247,257,309,288,203,73,141,289,255,265,225,110,343,306,325,129,60,115,279,262,138,237,149,138,272,269,341,44,118,55,256,49,299,244,20,289,294,329,290,255,34,237,281,59,347,232,278,269,258,130,244,66,209,344,34,273,245
152,180,172,165,124,175,126,179,176,182,231,160,114,242,171,164,213,0,43,65,182,154,189,215,132,214,156,195,64,179,158,115,181,172,182,197,202,196,149,8,187,130,64,191,44,97,188,10,186,202,84,217,166,198,149,131,98,113,157,153,210,67,219,210,39,178,170,64,57,129,183,169,182,46,183,204,200,201,185,150,117,172,55,179,25,69,190,137,214,140,183,227,180,187,151,15,132,179,162,34
189,209,215,195,108,218,105,218,212,212,271,191,97,281,206,192,245,43,0,23,212,183,213,256,114,250,187,237,28,205,193,91,224,206,209,228,228,229,175,39,213,109,69,229,29,74,219,49,209,245,44,256,199,238,191,108,89,92,200,185,252,53,256,252,9,221,212,28,43,104,211,211,208,20,210,235,239,232,216,174,94,201,12,212,37,42,215,121,254,167,217,266,222,225,181,38,102,211,193,19
208,229,237,210,101,240,96,241,230,227,291,207,90,301,227,212,266,65,23,0,227,197,232,279,106,268,207,260,20,217,214,80,246,227,228,242,241,245,194,62,226,100,77,248,39,65,235,71,226,267,24,275,215,258,214,98,88,83,222,206,274,55,275,275,30,244,235,19,47,93,230,234,227,29,229,250,258,252,231,186,84,215,11,233,55,36,233,114,274,180,234,285,245,244,201,61,87,232,209,36
62,281,153,18,185,162,196,223,46,1,106,22,187,113,253,273,291,182,212,227,0,29,305,217,191,62,258,197,211,24,244,204,160,254,289,16,29,25,271,190,22,199,152,65,188,196,12,186,310,179,229,84,27,94,182,204,164,194,166,254,206,179,78,188,214,156,161,212,182,209,288,179,295,198,292,23,76,293,7,48,201,13,221,262,176,200,306,187,104,47,30,92,174,64,260,197,227,268,21,194
57,264,149,13,158,157,169,213,55,29,123,14,160,131,239,255,279,154,183,197,29,0,287,213,165,83,241,192,181,28,228,177,156,240,272,45,49,50,252,162,34,173,123,77,159,168,38,159,292,178,200,101,29,104,171,178,137,167,157,237,203,150,97,187,185,152,156,182,153,182,272,172,278,169,275,52,90,279,34,26,174,18,192,248,147,171,288,162,116,19,45,110,169,74,242,169,200,253,16,165
246,30,179,290,312,173,314,108,271,304,283,284,303,291,62,32,59,189,213,232,305,287,0,156,321,297,48,156,242,315,66,302,180,61,18,314,333,303,40,186,320,318,251,270,231,283,303,178,14,181,256,284,279,254,134,318,286,301,156,51,161,255,290,181,204,182,169,242,244,315,21,151,10,228,15,317,271,40,303,298,304,301,221,57,214,253,1,326,264,283,287,289,165,267,45,182,315,48,285,217
157,126,65,209,317,56,323,51,172,216,151,204,311,156,96,133,108,215,256,279,217,213,156,0,325,181,121,22,278,237,99,319,57,96,138,219,245,203,148,217,238,328,252,160,256,302,210,208,168,40,298,160,191,133,65,331,287,313,63,118,11,271,168,34,250,61,59,278,264,331,135,48,147,260,141,218,154,122,212,235,319,220,268,99,233,280,156,327,135,220,190,161,45,158,129,219,340,108,203,248
204,311,269,179,9,275,11,300,215,191,284,179,18,293,301,295,343,132,114,106,191,165,321,325,0,248,287,304,88,172,288,28,278,301,314,206,192,215,281,135,180,10,75,237,91,41,202,142,318,302,87,264,193,259,263,15,39,23,263,285,318,65,261,311,123,275,271,89,76,22,315,278,314,96,315,214,250,333,197,143,23,178,111,309,107,73,322,9,273,147,210,274,283,234,282,139,42,309,181,105
63,269,124,70,241,132,252,200,38,62,45,70,242,51,238,265,271,214,250,268,62,83,297,181,248,0,249,164,254,87,232,258,127,239,279,53,80,37,268,221,82,256,199,26,230,248,51,215,304,141,274,24,56,48,164,260,218,249,143,246,170,227,17,148,250,124,133,255,227,264,278,153,287,239,283,48,27,277,55,108,256,74,260,247,214,246,297,245,49,101,38,31,143,30,253,227,282,254,68,233
198,25,134,243,278,128,281,70,223,257,237,237,269,246,27,16,59,156,187,207,258,241,48,121,287,249,0,116,214,269,22,270,136,27,32,267,286,256,28,154,273,286,215,223,199,252,256,146,55,140,231,237,231,208,88,286,251,268,110,3,124,223,243,141,178,137,124,214,212,284,31,106,38,198,34,269,224,46,256,252,273,254,196,29,180,223,48,292,218,237,240,242,122,220,9,151,287,25,238,187
136,126,44,188,295,35,302,48,152,195,137,183,289,143,94,130,114,195,237,260,197,192,156,22,304,164,116,0,258,216,94,298,37,95,138,199,225,184,143,198,217,307,231,141,236,281,190,189,168,26,279,144,171,116,47,309,265,292,41,114,14,250,152,25,232,41,37,259,243,310,135,27,147,240,141,199,136,126,192,213,298,199,249,100,213,260,156,305,120,198,170,146,23,139,124,200,319,108,182,228
196,237,232,194,82,236,78,242,217,211,279,191,71,290,232,220,272,64,28,20,211,181,242,278,88,254,214,258,0,200,219,63,241,233,237,226,223,229,204,62,208,82,59,236,25,47,219,72,237,263,21,263,201,248,212,81,68,65,219,212,272,35,262,271,38,239,231,1,29,76,239,232,236,18,238,234,246,260,215,168,67,199,24,239,46,16,243,96,264,164,219,273,242,231,208,63,74,238,193,30
80,292,172,28,166,181,178,239,69,25,130,33,169,137,266,283,306,179,205,217,24,28,315,237,172,87,269,216,200,0,256,187,179,267,300,35,24,49,280,186,9,181,141,89,179,181,36,184,320,200,217,108,46,118,197,186,148,177,183,266,226,167,103,209,208,175,180,201,171,191,300,197,306,189,303,43,101,306,31,32,184,17,212,275,169,188,316,167,128,39,54,117,193,88,270,193,210,281,34,186
183,38,114,230,279,107,282,48,207,243,217,224,270,225,13,36,56,158,193,214,244,228,66,99,288,232,22,94,219,256,0,273,115,14,48,252,272,240,49,158,260,287,214,206,203,255,241,149,75,118,237,218,217,188,68,288,250,270,90,20,102,224,224,119,185,116,104,219,215,287,46,85,56,203,51,254,205,50,242,242,275,241,203,21,182,227,66,292,198,226,224,223,100,202,31,156,291,25,224,191
208,294,265,190,27,271,18,289,223,204,291,189,19,301,286,278,327,115,91,80,204,177,302,319,28,258,270,298,63,187,273,0,275,287,296,219,209,227,263,117,196,20,68,245,71,18,214,125,298,298,59,272,202,263,255,18,40,10,257,268,312,49,270,307,100,272,266,64,58,14,297,271,296,74,297,227,257,316,210,156,5,191,86,294,91,49,303,37,279,158,220,282,278,241,265,120,24,294,191,84
100,151,9,152,270,8,277,75,115,158,104,146,265,112,118,151,146,181,224,246,160,156,180,57,278,127,136,37,241,179,115,275,0,119,162,162,188,147,160,185,180,282,207,104,218,259,153,176,190,23,263,109,134,80,50,285,240,268,29,133,47,229,116,33,219,4,13,242,223,286,160,30,171,223,165,162,100,154,155,178,275,163,235,126,195,241,181,279,86,163,133,112,16,102,142,188,298,134,146,212
193,32,119,241,293,112,296,47,216,253,223,235,284,231,1,37,42,172,206,227,254,240,61,96,301,239,27,95,233,267,14,287,119,0,43,262,283,249,54,171,271,301,227,214,216,268,251,162,73,120,251,225,227,195,76,302,264,284,97,26,101,238,231,120,198,121,109,233,228,300,41,90,52,216,47,264,213,39,252,254,289,252,216,8,196,240,62,305,204,238,234,230,104,211,36,170,304,15,235,205
230,11,161,275,305,154,307,90,254,288,265,269,296,273,44,18,47,182,209,228,289,272,18,138,314,279,32,138,237,300,48,296,162,43,0,298,318,287,34,179,305,312,243,253,225,277,287,171,30,163,253,266,263,236,116,312,278,294,138,35,143,249,272,163,200,164,151,237,238,310,3,132,10,223,4,301,253,28,287,284,298,286,218,38,206,247,19,319,246,269,271,271,147,250,32,176,311,30,269,212
69,289,156,33,200,165,211,229,47,16,98,37,202,104,261,282,298,197,228,242,16,45,314,219,206,53,267,199,226,35,252,219,162,262,298,0,28,17,281,205,29,214,168,62,203,212,11,201,320,180,244,76,36,92,188,219,180,210,171,263,208,195,70,189,230,158,165,227,198,224,297,183,304,214,301,8,72,301,12,63,216,28,236,270,191,216,315,201,99,63,29,84,177,62,269,211,243,276,35,209
91,309,182,43,187,191,198,252,74,30,125,49,190,131,282,301,320,202,228,241,29,49,333,245,192,80,286,225,223,24,272,209,188,283,318,28,0,45,299,210,15,201,164,90,202,204,35,207,338,207,240,104,56,120,211,206,171,199,195,283,235,190,97,215,231,184,190,225,195,212,317,208,324,212,320,33,100,322,33,55,205,32,236,291,193,211,334,187,127,62,56,111,202,90,288,216,231,297,48,210
57,277,141,37,208,150,219,215,33,25,82,38,210,88,248,271,285,196,229,245,25,50,303,203,215,37,256,184,229,49,240,227,147,249,287,17,45,0,271,203,45,223,172,45,206,218,14,199,309,164,248,60,30,75,175,228,187,217,157,252,193,200,54,172,230,143,150,230,201,232,285,169,293,216,290,15,55,288,18,73,224,38,238,257,192,220,304,211,82,69,16,68,162,45,258,210,251,264,36,211
214,37,157,256,273,152,274,97,240,270,259,250,263,268,54,20,77,149,175,194,271,252,40,148,281,268,28,143,204,280,49,263,160,54,34,281,299,271,0,146,285,279,211,242,192,244,270,139,40,166,219,257,245,228,111,279,247,261,133,30,151,216,263,168,166,161,148,203,205,276,37,131,33,189,35,284,243,60,270,261,265,267,184,55,174,214,41,287,239,246,255,263,147,238,19,143,277,48,250,178
159,178,176,172,127,179,128,180,183,189,238,168,117,248,171,161,212,8,39,62,190,162,186,217,135,221,154,198,62,186,158,117,185,171,179,205,210,203,146,0,194,133,70,198,45,98,195,10,183,206,82,224,173,204,152,133,102,115,161,152,213,70,225,213,34,183,174,62,59,130,181,172,179,45,180,211,207,200,193,157,119,180,51,178,29,69,187,141,220,148,190,234,183,194,149,7,133,178,170,33
81,297,174,30,174,182,186,242,68,23,126,36,177,132,270,288,309,187,213,226,22,34,320,238,180,82,273,217,208,9,260,196,180,271,305,29,15,45,285,194,0,189,150,86,187,190,32,192,325,200,225,104,46,116,200,194,157,186,185,270,227,176,98,209,216,176,181,210,180,199,304,199,311,197,308,36,98,310,28,40,192,19,221,279,177,197,321,175,125,47,51,112,194,86,275,201,218,285,36,194
210,310,273,187,15,278,5,301,223,200,291,186,17,300,300,294,342,130,109,100,199,173,318,328,10,256,286,307,82,181,287,20,282,301,312,214,201,223,279,133,189,0,76,244,88,36,210,140,315,305,80,271,200,265,265,5,42,18,266,284,321,63,268,314,119,279,274,83,74,12,313,280,312,92,313,222,257,332,205,151,16,186,106,308,106,68,320,19,280,155,218,281,287,241,281,137,32,309,188,102
145,239,198,136,66,203,71,225,163,152,228,134,59,238,227,224,269,64,69,77,152,123,251,252,75,199,215,231,59,141,214,68,207,227,243,168,164,172,211,70,150,76,0,183,40,53,161,74,250,230,76,210,144,199,189,79,37,61,190,212,245,27,209,239,74,204,199,60,30,79,244,204,244,50,244,176,194,260,157,109,68,140,74,235,41,48,252,78,214,105,163,220,211,179,211,76,91,236,136,51
40,243,100,66,230,109,240,176,22,64,47,63,229,56,213,239,247,191,229,248,65,77,270,160,237,26,223,141,236,89,206,245,104,214,253,62,90,45,242,198,86,244,183,0,211,233,55,192,278,120,256,27,47,30,138,249,205,236,118,220,149,210,27,128,229,101,109,236,209,252,252,129,261,220,256,59,13,252,58,102,242,73,240,221,193,228,271,235,39,93,35,37,120,4,227,204,269,228,61,212
171,223,208,171,83,212,83,222,192,188,254,168,73,265,216,207,257,44,29,39,188,159,231,256,91,230,199,236,25,179,203,71,218,216,225,203,202,206,192,45,187,88,40,211,0,53,196,54,227,240,46,238,177,223,190,88,61,70,196,197,250,26,238,248,36,215,207,26,15,85,226,209,225,10,226,211,221,245,192,147,74,176,34,223,22,25,232,97,239,141,195,248,218,207,194,49,88,223,170,14
196,276,250,182,36,254,32,272,213,197,279,180,25,289,268,260,309,97,74,65,196,168,283,302,41,248,252,281,47,181,255,18,259,268,277,212,204,218,244,98,190,36,53,233,53,0,206,107,280,282,48,261,193,251,237,35,33,18,240,250,295,31,259,291,83,256,250,48,40,32,279,254,277,56,278,220,245,298,202,150,21,184,70,275,73,32,285,49,266,150,211,271,262,230,247,102,39,276,182,66
58,278,147,25,195,156,207,219,38,11,94,28,197,101,250,271,288,188,219,235,12,38,303,210,202,51,256,190,219,36,241,214,153,251,287,11,35,14,270,195,32,210,161,55,196,206,0,192,309,172,237,73,25,85,178,215,175,205,161,253,199,188,67,180,221,149,155,220,191,219,286,174,294,206,290,16,66,290,5,59,211,24,228,259,183,209,304,198,93,57,20,81,167,55,258,202,238,265,26,201
153,169,167,169,134,170,136,171,178,186,231,164,124,241,162,153,203,10,49,71,186,159,178,208,142,215,146,189,72,184,149,125,176,162,171,201,207,199,139,10,192,140,74,192,54,107,192,0,176,196,91,218,169,197,142,141,108,123,151,144,203,77,219,204,43,174,164,72,67,139,173,163,172,54,173,207,201,191,189,156,127,177,60,169,35,78,180,148,213,146,185,227,174,188,141,12,142,169,166,42
252,42,189,295,310,183,310,120,278,309,293,289,300,301,74,40,73,186,209,226,310,292,14,168,318,304,55,168,237,320,75,298,190,73,30,320,338,309,40,183,325,315,250,278,227,280,309,176,0,193,251,292,284,263,143,315,284,297,165,59,173,253,298,193,200,192,179,237,241,312,33,161,21,224,27,323,279,53,309,301,301,306,216,69,211,249,14,324,273,287,294,298,176,275,51,179,311,60,290,214
121,152,33,172,293,27,300,73,133,178,112,167,288,117,119,155,141,202,245,267,179,178,181,40,302,141,140,26,263,200,118,298,23,120,163,180,207,164,166,206,200,305,230,120,240,282,172,196,193,0,284,120,154,93,61,308,264,291,45,137,29,252,128,10,239,27,32,264,246,309,160,38,172,245,167,179,114,152,174,200,298,183,256,125,217,263,182,302,95,186,151,122,23,119,148,208,320,134,166,234
217,253,254,212,83,257,77,262,237,229,300,210,72,310,250,236,289,84,44,24,229,200,256,298,87,274,231,279,21,217,237,59,263,251,253,244,240,248,219,82,225,80,76,256,46,48,237,91,251,284,0,283,220,269,233,77,77,65,240,229,293,50,283,293,53,260,252,21,47,71,255,253,251,40,253,252,267,276,233,185,64,216,35,257,68,29,257,96,285,182,239,293,263,252,224,82,63,255,212,51
67,256,107,89,256,115,267,184,48,83,22,87,256,30,224,253,255,217,256,275,84,101,284,160,264,24,237,144,263,108,218,272,109,225,266,76,104,60,257,224,104,271,210,27,238,261,73,218,292,120,283,0,72,30,150,275,232,263,128,234,150,237,8,127,255,106,117,264,237,279,264,137,274,247,269,72,17,262,77,126,269,94,266,232,220,256,284,261,26,118,56,10,125,31,242,230,296,240,85,239
35,254,127,19,185,136,196,196,25,26,93,16,186,102,226,247,265,166,199,215,27,29,279,191,193,56,231,171,201,46,217,202,134,227,263,36,56,30,245,173,46,200,144,47,177,193,25,169,284,154,220,72,0,75,155,205,162,193,139,228,181,172,68,163,200,130,135,202,173,209,262,152,269,186,266,40,60,266,25,55,200,29,208,235,162,192,280,190,87,46,19,82,147,45,234,180,226,241,14,181
55,226,77,94,251,85,260,154,50,93,34,90,249,44,194,223,225,198,238,258,94,104,254,133,259,48,208,116,248,118,188,263,80,195,236,92,120,75,228,204,116,265,199,30,223,251,85,197,263,93,269,30,75,0,120,269,224,255,99,204,122,225,37,100,237,77,87,249,223,272,235,107,244,231,240,89,21,232,88,129,262,102,249,202,204,242,255,257,16,118,65,35,96,31,212,210,287,210,89,223
120,106,46,170,254,42,260,43,142,181,149,164,248,158,75,104,110,149,191,214,182,171,134,65,263,164,88,47,212,197,68,255,50,76,116,188,211,175,111,152,200,265,189,138,190,237,178,142,143,61,233,150,155,120,0,267,224,249,22,85,61,207,156,66,185,50,37,213,199,267,114,23,125,194,120,189,137,114,179,188,255,181,202,83,168,215,135,265,130,172,159,155,39,135,94,153,276,90,164,183
214,310,276,191,19,281,8,303,227,204,295,191,20,305,301,294,343,131,108,98,204,178,318,331,15,260,286,309,81,186,288,18,285,302,312,219,206,228,279,133,194,5,79,249,88,35,215,141,315,308,77,275,205,269,267,0,45,18,268,284,323,64,273,317,118,282,277,82,74,7,314,283,312,91,313,227,261,332,210,156,14,191,104,309,106,67,320,23,284,159,222,285,289,245,282,137,27,310,193,101
169,275,231,150,30,237,37,261,184,165,251,149,25,261,263,260,306,98,89,88,164,137,286,287,39,218,251,265,68,148,250,40,240,264,278,180,171,187,247,102,157,42,37,205,61,33,175,108,284,264,77,232,162,224,224,45,0,31,224,248,279,36,230,273,97,237,232,69,47,48,279,239,279,69,280,188,217,296,170,117,38,152,90,271,73,52,288,41,239,118,181,242,245,201,247,107,64,273,151,76
200,292,259,180,19,264,13,285,214,195,282,180,9,292,283,276,325,113,92,83,194,167,301,313,23,249,268,292,65,177,270,10,268,284,294,210,199,217,261,115,186,18,61,236,70,18,205,123,297,291,65,263,193,255,249,18,31,0,251,266,306,46,260,300,101,265,260,66,56,18,295,265,294,74,295,217,248,314,200,147,7,181,89,291,88,50,302,31,270,149,211,273,272,232,263,119,33,291,182,84
104,127,24,155,254,21,261,58,124,164,127,149,248,135,96,126,129,157,200,222,166,157,156,63,263,143,110,41,219,183,90,257,29,97,138,171,195,157,133,161,185,266,190,118,196,240,161,151,165,45,240,128,139,99,22,268,224,251,0,107,55,210,135,53,194,29,16,220,203,269,136,15,146,201,141,172,116,134,162,177,257,166,211,104,174,220,156,265,108,161,142,133,23,115,116,163,279,111,149,190
195,28,131,240,276,125,279,68,220,253,234,234,267,242,26,19,60,153,185,206,254,237,51,118,285,246,3,114,212,266,20,268,133,26,35,263,283,252,30,152,270,284,212,220,197,250,253,144,59,137,229,234,228,204,85,284,248,266,107,0,122,220,240,139,177,134,121,212,210,282,34,103,41,197,38,266,220,48,253,249,271,251,195,29,178,221,52,289,214,234,236,239,119,216,11,150,285,26,234,185
147,132,55,199,309,46,316,54,161,205,140,193,303,146,100,137,115,210,252,274,206,203,161,11,318,170,124,14,272,226,102,312,47,101,143,208,235,193,151,213,227,321,245,149,250,295,199,203,173,29,293,150,181,122,61,323,279,306,55,122,0,264,157,23,246,51,49,273,257,324,140,41,153,254,147,207,143,128,202,225,312,210,263,105,228,274,161,319,124,210,179,151,36,148,132,214,334,113,193,243
172,247,220,163,57,224,58,241,190,179,255,161,47,265,238,231,279,67,53,55,179,150,255,271,65,227,223,250,35,167,224,49,229,238,249,195,190,200,216,70,176,63,27,210,26,31,188,77,253,252,50,237,172,225,207,64,36,46,210,220,264,0,236,261,62,226,220,36,12,62,250,224,249,33,250,203,221,269,184,135,50,167,55,245,42,21,257,71,241,132,190,247,231,206,218,74,69,246,163,41
67,262,114,85,254,122,264,191,46,77,28,83,254,34,231,259,262,219,256,275,78,97,290,168,261,17,243,152,262,103,224,270,116,231,272,70,97,54,263,225,98,268,209,27,238,259,67,219,298,128,283,8,68,37,156,273,230,260,135,240,157,236,0,135,256,113,124,263,236,276,270,144,280,247,276,65,20,269,71,122,267,89,267,239,220,255,290,258,34,114,52,14,132,32,248,231,294,246,81,240
130,151,42,181,302,36,310,73,142,187,117,176,297,122,119,155,138,210,252,275,188,187,181,34,311,148,141,25,271,209,119,307,33,120,163,189,215,172,168,213,209,314,239,128,248,291,180,204,193,10,293,127,163,100,66,317,273,300,53,139,23,261,135,0,247,37,41,272,254,318,160,43,172,253,166,187,121,150,183,210,307,192,264,125,226,272,181,312,102,195,160,128,30,127,149,216,329,133,175,242
189,200,210,197,116,213,114,211,212,214,270,193,106,280,198,183,237,39,9,30,214,185,204,250,123,250,178,232,38,208,185,100,219,198,200,230,231,230,166,34,216,119,74,229,36,83,221,43,200,239,53,255,200,237,185,118,97,101,194,177,246,62,256,247,0,217,208,37,50,114,202,206,199,28,201,236,238,223,218,177,103,203,18,204,39,51,206,130,253,170,218,265,217,224,172,31,111,203,195,23
96,153,6,148,266,9,274,78,111,155,102,142,261,109,120,153,149,178,221,244,156,152,182,61,275,124,137,41,239,175,116,272,4,121,164,158,184,143,161,183,176,279,204,101,215,256,149,174,192,27,260,106,130,77,50,282,237,265,29,134,51,226,113,37,217,0,13,239,220,283,161,31,172,220,167,158,97,157,151,174,271,159,233,128,193,238,182,276,83,159,129,109,19,99,144,186,294,136,142,210
100,140,10,152,262,5,269,67,117,160,114,146,257,122,108,140,138,170,212,235,161,156,169,59,271,133,124,37,231,180,104,266,13,109,151,165,190,150,148,174,181,274,199,109,207,250,155,164,179,32,252,117,135,87,37,277,232,260,16,121,49,220,124,41,208,13,0,231,214,278,149,20,160,213,155,165,106,145,157,177,266,163,224,116,185,231,170,272,95,161,136,121,13,107,131,176,289,124,146,202
197,237,233,195,83,236,79,242,218,212,280,192,72,291,232,220,272,64,28,19,212,182,242,278,89,255,214,259,1,201,219,64,242,233,237,227,225,230,203,62,210,83,60,236,26,48,220,72,237,264,21,264,202,249,213,82,69,66,220,212,273,36,263,272,37,239,231,0,30,77,239,232,236,19,238,235,247,259,216,169,67,200,23,239,47,17,243,96,265,165,220,274,242,232,208,63,74,238,194,30
170,236,214,166,69,218,69,232,190,182,254,163,59,264,228,220,269,57,43,47,182,153,244,264,76,227,212,243,29,171,215,58,223,228,238,198,195,201,205,59,180,74,30,209,15,40,191,67,241,246,47,237,173,223,199,74,47,56,203,210,257,12,236,254,50,220,214,30,0,72,239,217,238,23,239,205,221,258,187,140,61,170,45,235,32,19,246,83,239,135,192,247,225,205,207,63,77,235,165,29
217,308,277,196,25,282,13,302,231,209,299,195,23,308,300,292,341,129,104,93,209,182,315,331,22,264,284,310,76,191,287,14,286,300,310,224,212,232,276,130,199,12,79,252,85,32,219,139,312,309,71,279,209,272,267,7,48,18,269,282,324,62,276,318,114,283,278,77,72,0,311,283,309,88,310,232,264,330,215,161,12,196,100,307,104,63,317,30,287,164,227,289,290,249,279,134,20,307,197,98
228,9,159,274,306,152,308,87,253,287,263,268,297,271,41,19,44,183,211,230,288,272,21,135,315,278,31,135,239,300,46,297,160,41,3,297,317,285,37,181,304,313,244,252,226,279,286,173,33,160,255,264,262,235,114,314,279,295,136,34,140,250,270,160,202,161,149,239,239,311,0,130,13,224,7,299,252,25,286,284,300,285,220,36,208,249,21,320,244,268,270,269,144,248,33,177,312,27,269,213
117,121,30,169,269,22,275,47,136,178,133,163,263,141,89,122,118,169,211,234,179,172,151,48,278,153,106,27,232,197,85,271,30,90,132,183,208,169,131,172,199,280,204,129,209,254,174,163,161,38,253,137,152,107,23,283,239,265,15,103,41,224,144,43,206,31,20,232,217,283,130,0,141,213,136,184,126,126,175,191,271,180,223,96,187,234,151,279,114,176,154,141,16,126,113,174,293,104,163,202
236,21,170,281,306,163,307,99,261,294,274,275,296,282,53,23,55,182,208,227,295,278,10,147,314,287,38,147,236,306,56,296,171,52,10,304,324,293,33,179,311,312,244,261,225,277,294,172,21,172,251,274,269,244,125,312,279,294,146,41,153,249,280,172,199,172,160,236,238,309,13,141,0,222,6,307,261,35,294,289,298,292,216,48,207,247,10,319,254,274,278,279,156,257,36,176,310,39,275,211
180,222,214,181,88,218,87,224,202,198,263,178,78,273,216,205,256,46,20,29,198,169,228,260,96,239,198,240,18,189,203,74,223,216,223,214,212,216,189,45,197,92,50,220,10,56,206,54,224,245,40,247,186,231,194,91,69,74,201,197,254,33,247,253,28,220,213,19,23,88,224,213,222,0,224,221,230,244,202,157,77,186,24,223,28,25,229,103,247,152,205,256,223,215,193,47,88,222,180,12
233,15,165,278,306,158,308,94,257,291,269,272,297,276,47,20,49,183,210,229,292,275,15,141,315,283,34,141,238,303,51,297,165,47,4,301,320,290,35,180,308,313,244,256,226,278,290,173,27,167,253,269,266,240,120,313,280,295,141,38,147,250,276,166,201,167,155,238,239,310,7,136,6,224,0,304,257,30,290,287,299,289,218,42,208,248,15,320,249,271,274,274,150,253,34,177,311,33,272,212
71,291,156,40,207,165,219,230,48,23,93,43,210,98,263,285,299,204,235,250,23,52,317,218,214,48,269,199,234,43,254,227,162,264,301,8,33,15,284,211,36,222,176,59,211,220,16,207,323,179,252,72,40,89,189,227,188,217,172,266,207,203,65,187,236,158,165,235,205,232,299,184,307,221,304,0,69,302,19,71,224,36,244,271,198,223,318,209,95,70,30,78,177,60,272,218,250,278,42,216
50,243,96,78,242,105,253,173,35,75,34,76,242,44,212,239,244,200,239,258,76,90,271,154,250,27,224,136,246,101,205,257,100,213,253,72,100,55,243,207,98,257,194,13,221,245,66,201,279,114,267,17,60,21,137,261,217,248,116,220,143,221,20,121,238,97,106,247,221,264,252,126,261,230,257,69,0,250,70,115,255,85,250,220,203,240,271,248,27,105,47,26,116,16,228,213,281,228,74,223
232,23,155,280,324,148,327,79,255,292,259,274,315,266,40,40,20,201,232,252,293,279,40,122,333,277,46,126,260,306,50,316,154,39,28,301,322,288,60,200,310,332,260,252,245,298,290,191,53,152,276,262,266,232,114,332,296,314,134,48,128,269,269,150,223,157,145,259,258,330,25,126,35,244,30,302,250,0,291,292,319,291,241,31,226,269,39,337,240,277,272,266,139,249,51,197,332,26,274,233
59,279,149,21,191,158,202,220,41,6,99,25,193,106,251,271,289,185,216,231,7,34,303,212,197,55,256,192,215,31,242,210,155,252,287,12,33,18,270,193,28,205,157,58,192,202,5,189,309,174,233,77,25,88,179,210,170,200,162,253,202,184,71,183,218,151,157,216,187,215,286,175,294,202,290,19,70,291,0,54,207,19,225,260,179,205,304,193,97,52,23,85,169,58,258,199,233,266,23,198
81,277,170,37,137,179,148,231,80,49,148,40,139,156,253,266,294,150,174,186,48,26,298,235,143,108,252,213,168,32,242,156,178,254,284,63,55,73,261,157,40,151,109,102,147,150,59,156,301,200,185,126,55,129,188,156,117,147,177,249,225,135,122,210,177,174,177,169,140,161,284,191,289,157,287,71,115,292,54,0,153,35,181,262,139,156,299,139,142,16,70,136,190,100,253,164,180,267,41,155
207,297,265,187,22,271,13,290,221,201,289,187,15,299,288,280,329,117,94,84,201,174,304,319,23,256,273,298,67,184,275,5,275,289,298,216,205,224,265,119,192,16,68,242,74,21,211,127,301,298,64,269,200,262,255,14,38,7,257,271,312,50,267,307,103,271,266,67,61,12,300,271,298,77,299,224,255,319,207,153,0,188,90,296,93,53,306,32,277,155,218,279,278,239,268,123,27,296,188,87
63,278,156,11,172,164,183,223,53,13,116,17,174,124,251,269,290,172,201,215,13,18,301,220,178,74,254,199,199,17,241,191,163,252,286,28,32,38,267,180,19,186,140,73,176,184,24,177,306,183,216,94,29,102,181,191,152,181,166,251,210,167,89,192,203,159,163,200,170,196,285,180,292,186,289,36,85,291,19,35,188,0,209,260,165,188,302,174,112,35,38,103,176,72,256,187,214,266,17,182
200,218,226,204,105,229,102,229,222,221,282,200,94,292,216,201,255,55,12,11,221,192,221,268,111,260,196,249,24,212,203,86,235,216,218,236,236,238,184,51,221,106,74,240,34,70,228,60,216,256,35,266,208,249,202,104,90,89,211,195,263,55,267,264,18,233,224,23,45,100,220,223,216,24,218,244,250,241,225,181,90,209,0,222,47,39,223,119,265,175,227,276,234,235,190,49,95,221,202,27
201,27,126,249,300,118,303,52,224,261,230,243,291,237,9,36,34,179,212,233,262,248,57,99,309,247,29,100,239,275,21,294,126,8,38,270,291,257,55,178,279,308,235,221,223,275,259,169,69,125,257,232,235,202,83,309,271,291,104,29,105,245,239,125,204,128,116,239,235,307,36,96,48,223,42,271,220,31,260,262,296,260,222,0,203,247,57,313,211,246,241,236,110,218,38,176,311,9,243,211
153,204,186,158,99,190,101,200,176,175,236,155,89,246,195,188,237,25,37,55,176,147,214,233,107,214,180,213,46,169,182,91,195,196,206,191,193,192,174,29,177,106,41,193,22,73,183,35,211,217,68,220,162,204,168,106,73,88,174,178,228,42,220,226,39,193,185,47,32,104,208,187,207,28,208,198,203,226,179,139,93,165,47,203,0,47,215,113,220,131,180,230,196,189,175,34,109,203,157,19
189,246,232,184,66,236,64,247,209,200,273,181,55,283,240,230,281,69,42,36,200,171,253,280,73,246,223,260,16,188,227,49,241,240,247,216,211,220,214,69,197,68,48,228,25,32,209,78,249,263,29,256,192,242,215,67,52,50,220,221,274,21,255,272,51,238,231,17,19,63,249,234,247,25,248,223,240,269,205,156,53,188,39,247,47,0,254,80,258,153,210,266,242,224,217,72,64,247,183,36
247,30,180,291,314,173,315,109,272,305,284,285,304,291,62,33,59,190,215,233,306,288,1,156,322,297,48,156,243,316,66,303,181,62,19,315,334,304,41,187,321,320,252,271,232,285,304,180,14,182,257,284,280,255,135,320,288,302,156,52,161,257,290,181,206,182,170,243,246,317,21,151,10,229,15,318,271,39,304,299,306,302,223,57,215,254,0,327,264,284,288,289,165,268,46,183,317,48,286,219
202,316,270,175,14,276,19,303,213,187,282,175,25,291,305,301,347,137,121,114,187,162,326,327,9,245,292,305,96,167,292,37,279,305,319,201,187,211,287,141,175,19,78,235,97,49,198,148,324,302,96,261,190,257,265,23,41,31,265,289,319,71,258,312,130,276,272,96,83,30,320,279,319,103,320,209,248,337,193,139,32,174,119,313,113,80,327,0,271,144,207,271,285,232,287,145,50,314,177,111
70,235,85,105,265,92,275,161,61,103,20,102,264,30,203,233,232,214,254,274,104,116,264,135,273,49,218,120,264,128,198,279,86,204,246,99,127,82,239,220,125,280,214,39,239,266,93,213,273,95,285,26,87,16,130,284,239,270,108,214,124,241,34,102,253,83,95,265,239,287,244,114,254,247,249,95,27,240,97,142,277,112,265,211,220,258,264,271,0,131,74,27,102,41,223,225,303,218,101,239
67,261,155,32,140,163,151,215,70,47,139,32,141,148,237,251,278,140,167,180,47,19,283,220,147,101,237,198,164,39,226,158,163,238,269,63,62,69,246,148,47,155,105,93,141,150,57,146,287,186,182,118,46,118,172,159,118,149,161,234,210,132,114,195,170,159,161,165,135,164,268,176,274,152,271,70,105,277,52,16,155,35,175,246,131,153,284,144,131,0,63,128,174,90,238,155,182,251,34,148
41,262,127,33,203,136,214,200,18,28,78,32,204,86,233,255,269,183,217,234,30,45,287,190,210,38,240,170,219,54,224,220,133,234,271,29,56,16,255,190,51,218,163,35,195,211,20,185,294,151,239,56,19,65,159,222,181,211,142,236,179,190,52,160,218,129,136,220,192,227,270,154,278,205,274,30,47,272,23,70,218,38,227,241,180,210,288,207,74,63,0,65,147,34,242,197,244,248,30,199
77,260,111,98,266,118,277,187,58,91,15,97,266,20,229,258,258,227,266,285,92,110,289,161,274,31,242,146,273,117,223,282,112,230,271,84,111,68,263,234,112,281,220,37,248,271,81,227,298,122,293,10,82,35,155,285,242,273,133,239,151,247,14,128,265,109,121,274,247,289,269,141,279,256,274,78,26,266,85,136,279,103,276,236,230,266,289,271,27,128,65,0,128,41,248,239,306,244,95,249
113,136,20,165,274,12,282,59,129,172,120,159,269,127,103,137,130,180,222,245,174,169,165,45,283,143,122,23,242,193,100,278,16,104,147,177,202,162,147,183,194,287,211,120,218,262,167,174,176,23,263,125,147,96,39,289,245,272,23,119,36,231,132,30,217,19,13,242,225,290,144,16,156,223,150,177,116,139,169,190,278,176,234,110,196,242,165,285,102,174,147,128,0,118,129,186,300,118,159,212
36,240,98,64,226,106,237,173,20,63,50,61,226,60,210,235,244,187,225,244,64,74,267,158,234,30,220,139,231,88,202,241,102,211,250,62,90,45,238,194,86,241,179,4,207,230,55,188,275,119,252,31,45,31,135,245,201,232,115,216,148,206,32,127,224,99,107,232,205,249,248,126,257,215,253,60,16,249,58,100,239,72,235,218,189,224,268,232,41,90,34,41,118,0,224,200,265,225,59,208
201,29,140,245,274,135,276,78,226,259,243,239,265,251,36,14,66,151,181,201,260,242,45,129,282,253,9,124,208,270,31,265,142,36,32,269,288,258,19,149,275,281,211,227,194,247,258,141,51,148,224,242,234,212,94,282,247,263,116,11,132,218,248,149,172,144,131,208,207,279,33,113,36,193,34,272,228,51,258,253,268,256,190,38,175,217,46,287,223,238,242,248,129,224,0,146,281,33,239,181
164,175,179,179,131,182,132,180,189,196,243,175,121,254,169,158,209,15,38,61,197,169,182,219,139,227,151,200,63,193,156,120,188,170,176,211,216,210,143,7,201,137,76,204,49,102,202,12,179,208,82,230,180,210,153,137,107,119,163,150,214,74,231,216,31,186,176,63,63,134,177,174,176,47,177,218,213,197,199,164,123,187,49,176,34,72,183,145,225,155,197,239,186,200,146,0,135,175,176,36
232,310,288,214,45,293,33,309,247,228,315,213,41,325,304,293,344,132,102,87,227,200,315,340,42,282,287,319,74,210,291,24,298,304,311,243,231,251,277,133,218,32,91,269,88,39,238,142,311,320,63,296,226,287,276,27,64,33,279,285,334,69,294,329,111,294,289,74,77,20,312,293,310,88,311,250,281,332,233,180,27,214,95,311,109,64,317,50,303,182,244,306,300,265,281,135,0,311,215,100
207,18,134,255,301,127,304,61,231,267,238,249,292,245,16,29,34,179,211,232,268,253,48,108,309,254,25,108,238,281,25,294,134,15,30,276,297,264,48,178,285,309,236,228,223,276,265,169,60,134,255,240,241,210,90,310,273,291,111,26,113,246,246,133,203,136,124,238,235,307,27,104,39,222,33,278,228,26,266,267,296,266,221,9,203,247,48,314,218,251,248,244,118,225,33,175,311,0,249,211
46,261,139,6,174,147,185,206,39,21,107,2,175,115,234,253,273,162,193,209,21,16,285,203,181,68,238,182,193,34,224,191,146,235,269,35,48,36,250,170,36,188,136,61,170,182,26,166,290,166,212,85,14,89,164,193,151,182,149,234,193,163,81,175,195,142,146,194,165,197,269,163,275,180,272,42,74,274,23,41,188,17,202,243,157,183,286,177,101,34,30,95,159,59,239,176,215,249,0,175
173,210,203,177,97,207,97,213,195,194,255,173,87,265,204,194,245,34,19,36,194,165,217,248,105,233,187,228,30,186,191,84,212,205,212,209,210,211,178,33,194,102,51,212,14,66,201,42,214,234,51,239,181,223,183,101,76,84,190,185,243,41,240,242,23,210,202,30,29,98,213,202,211,12,212,216,223,233,198,155,87,182,27,211,19,36,219,111,239,148,199,249,212,208,181,36,100,211,175,0
